,B.subtilis,Drosophila,E.coli,Human,M.tb,Mouse,Rat,Thermus,Yeast
B.subtilis,0.0,0.0685084684574232,0.015232852578805245,0.07368329334752777,0.011689831979395993,0.07483479627121148,0.07375549787566837,0.01673159844775085,0.08106209364224115
Drosophila,0.0685084684574232,0.0,0.04614904077759463,0.0031675683348988404,0.06228347607610185,0.0036230334253671836,0.003430063206046885,0.061392778309979024,0.007395390677656932
E.coli,0.015232852578805245,0.04614904077759463,0.0,0.051152171787144374,0.01019969173291524,0.051923772143191105,0.05111268292360582,0.015459453184279326,0.056658965217024515
Human,0.07368329334752777,0.0031675683348988404,0.051152171787144374,0.0,0.06910568631293301,0.0001796570372802897,0.00019394424281327094,0.06612949029668236,0.0077152116173324625
M.tb,0.011689831979395993,0.06228347607610185,0.01019969173291524,0.06910568631293301,0.0,0.06979817780749342,0.06882199111159393,0.015443624175920267,0.0758469265816315
Mouse,0.07483479627121148,0.0036230334253671836,0.051923772143191105,0.0001796570372802897,0.06979817780749342,0.0,0.00022080218444464617,0.06590901438685326,0.008502562384456902
Rat,0.07375549787566837,0.003430063206046885,0.05111268292360582,0.00019394424281327094,0.06882199111159393,0.00022080218444464617,0.0,0.06582508241303087,0.008107365610343198
Thermus,0.01673159844775085,0.061392778309979024,0.015459453184279326,0.06612949029668236,0.015443624175920267,0.06590901438685326,0.06582508241303087,0.0,0.07656372994706417
Yeast,0.08106209364224115,0.007395390677656932,0.056658965217024515,0.0077152116173324625,0.0758469265816315,0.008502562384456902,0.008107365610343198,0.07656372994706417,0.0
