,B.subtilis,Drosophila,E.coli,Human,M.tb,Mouse,Rat,Thermus,Yeast
B.subtilis,0.0,2.96936297416687,1.3613576889038086,3.067498207092285,1.0853444337844849,3.0881896018981934,3.0646796226501465,1.2905627489089966,3.1283702850341797
Drosophila,2.96936297416687,0.0,2.423863172531128,0.6410242319107056,2.8307409286499023,0.6855227947235107,0.6667360067367554,2.819049596786499,0.9813259243965149
E.coli,1.3613576889038086,2.423863172531128,0.0,2.5465829372406006,1.116282343864441,2.564532518386841,2.542675256729126,1.3534663915634155,2.6240341663360596
Human,3.067498207092285,0.6410242319107056,2.5465829372406006,0.0,2.966879367828369,0.15268000960350037,0.15877129137516022,2.914506673812866,1.0023878812789917
M.tb,1.0853444337844849,2.8307409286499023,1.116282343864441,2.966879367828369,0.0,2.9798104763031006,2.9574568271636963,1.2480924129486084,3.026257276535034
Mouse,3.0881896018981934,0.6855227947235107,2.564532518386841,0.15268000960350037,2.9798104763031006,0.0,0.16933192312717438,2.9097564220428467,1.0510413646697998
Rat,3.0646796226501465,0.6667360067367554,2.542675256729126,0.15877129137516022,2.9574568271636963,0.16933192312717438,0.0,2.9044954776763916,1.0253357887268066
Thermus,1.2905627489089966,2.819049596786499,1.3534663915634155,2.914506673812866,1.2480924129486084,2.9097564220428467,2.9044954776763916,0.0,3.042170763015747
Yeast,3.1283702850341797,0.9813259243965149,2.6240341663360596,1.0023878812789917,3.026257276535034,1.0510413646697998,1.0253357887268066,3.042170763015747,0.0
