,B.subtilis,Drosophila,E.coli,Human,M.tb,Mouse,Rat,Thermus,Yeast
B.subtilis,0.0,0.15760911025322333,0.04681194625448126,0.18358201045728306,0.06720500294468068,0.1771923895452594,0.17860758695464485,0.0861422164630744,0.16796072070675694
Drosophila,0.15760911025322333,0.0,0.14754278019256362,0.13758630219904322,0.16187454679376567,0.11174213256598431,0.10835320977231944,0.1589224878960659,0.04035149345515221
E.coli,0.04681194625448126,0.14754278019256362,0.0,0.23031582699856445,0.03827573124283479,0.2150669830085129,0.21516709398761535,0.06027935337243673,0.14351208968748308
Human,0.18358201045728306,0.13758630219904322,0.23031582699856445,0.0,0.26409932486356325,0.0041786418958934535,0.004719319305617642,0.22339233231576616,0.2006638351764537
M.tb,0.06720500294468068,0.16187454679376567,0.03827573124283479,0.26409932486356325,0.0,0.24778197368889698,0.24670291880576056,0.0919131719280406,0.16159837096505325
Mouse,0.1771923895452594,0.11174213256598431,0.2150669830085129,0.0041786418958934535,0.24778197368889698,0.0,0.0019453677488722176,0.20779648770248305,0.1736791991826525
Rat,0.17860758695464485,0.10835320977231944,0.21516709398761535,0.004719319305617642,0.24670291880576056,0.0019453677488722176,0.0,0.20783912538146643,0.17083163530192358
Thermus,0.0861422164630744,0.1589224878960659,0.06027935337243673,0.22339233231576616,0.0919131719280406,0.20779648770248305,0.20783912538146643,0.0,0.16831051652248907
Yeast,0.16796072070675694,0.04035149345515221,0.14351208968748308,0.2006638351764537,0.16159837096505325,0.1736791991826525,0.17083163530192358,0.16831051652248907,0.0
