,B.subtilis,Drosophila,E.coli,Human,M.tb,Mouse,Rat,Thermus,Yeast
B.subtilis,0.0,0.7586206896551724,0.4736842105263158,0.8166666666666667,0.47413793103448276,0.8166666666666667,0.8135593220338984,0.44545454545454544,0.75
Drosophila,0.7586206896551724,0.0,0.75,0.32986111111111116,0.7413793103448276,0.33797909407665505,0.3402777777777778,0.7272727272727273,0.4300699300699301
E.coli,0.4736842105263158,0.75,0.0,0.7672413793103449,0.5614035087719298,0.7672413793103449,0.7672413793103449,0.5545454545454546,0.7241379310344828
Human,0.8166666666666667,0.32986111111111116,0.7672413793103449,0.0,0.7758620689655172,0.017064846416382284,0.013698630136986356,0.7727272727272727,0.5
M.tb,0.47413793103448276,0.7413793103448276,0.5614035087719298,0.7758620689655172,0.0,0.7758620689655172,0.7758620689655172,0.5545454545454546,0.7586206896551724
Mouse,0.8166666666666667,0.33797909407665505,0.7672413793103449,0.017064846416382284,0.7758620689655172,0.0,0.0034364261168384758,0.7727272727272727,0.503448275862069
Rat,0.8135593220338984,0.3402777777777778,0.7672413793103449,0.013698630136986356,0.7758620689655172,0.0034364261168384758,0.0,0.7727272727272727,0.5034722222222222
Thermus,0.44545454545454544,0.7272727272727273,0.5545454545454546,0.7727272727272727,0.5545454545454546,0.7727272727272727,0.7727272727272727,0.0,0.7181818181818183
Yeast,0.75,0.4300699300699301,0.7241379310344828,0.5,0.7586206896551724,0.503448275862069,0.5034722222222222,0.7181818181818183,0.0
