,B.subtilis,Drosophila,E.coli,Human,M.tb,Mouse,Rat,Thermus,Yeast
B.subtilis,0.0,0.13660000000000005,0.06269999999999998,0.13649999999999995,0.054200000000000026,0.1381,0.13460000000000005,0.06779999999999997,0.13239999999999996
Drosophila,0.13660000000000005,0.0,0.1461,0.0242,0.16869999999999996,0.021499999999999964,0.02675000000000005,0.14149999999999996,0.04059999999999997
E.coli,0.06269999999999998,0.1461,0.0,0.14159999999999995,0.08809999999999996,0.14259999999999995,0.14600000000000002,0.06540000000000001,0.14259999999999995
Human,0.13649999999999995,0.0242,0.14159999999999995,0.0,0.1653,9.999999999998899e-05,0.006099999999999994,0.13970000000000005,0.035699999999999954
M.tb,0.054200000000000026,0.16869999999999996,0.08809999999999996,0.1653,0.0,0.16590000000000005,0.16800000000000004,0.0726,0.1684
Mouse,0.1381,0.021499999999999964,0.14259999999999995,9.999999999998899e-05,0.16590000000000005,0.0,0.0026000000000000467,0.14300000000000002,0.03590000000000004
Rat,0.13460000000000005,0.02675000000000005,0.14600000000000002,0.006099999999999994,0.16800000000000004,0.0026000000000000467,0.0,0.14590000000000003,0.035699999999999954
Thermus,0.06779999999999997,0.14149999999999996,0.06540000000000001,0.13970000000000005,0.0726,0.14300000000000002,0.14590000000000003,0.0,0.13839999999999997
Yeast,0.13239999999999996,0.04059999999999997,0.14259999999999995,0.035699999999999954,0.1684,0.03590000000000004,0.035699999999999954,0.13839999999999997,0.0
