,B.subtilis,Drosophila,E.coli,Human,M.tb,Mouse,Rat,Thermus,Yeast
B.subtilis,0.0,0.43893000000000004,0.10752500000000009,0.43504999999999994,0.09012500000000001,0.435735,0.43953,0.14437,0.43936
Drosophila,0.43893000000000004,0.0,0.42461499999999996,0.046294999999999975,0.44456000000000007,0.04482499999999989,0.04744499999999996,0.42149000000000003,0.07099
E.coli,0.10752500000000009,0.42461499999999996,0.0,0.42345,0.12407999999999997,0.42359,0.42654000000000003,0.12203999999999993,0.42532000000000003
Human,0.43504999999999994,0.046294999999999975,0.42345,0.0,0.44445,0.0061350000000000016,0.018630000000000035,0.422115,0.061795000000000044
M.tb,0.09012500000000001,0.44456000000000007,0.12407999999999997,0.44445,0.0,0.44399999999999995,0.445855,0.130235,0.44745
Mouse,0.435735,0.04482499999999989,0.42359,0.0061350000000000016,0.44399999999999995,0.0,0.015915000000000012,0.424065,0.060389999999999944
Rat,0.43953,0.04744499999999996,0.42654000000000003,0.018630000000000035,0.445855,0.015915000000000012,0.0,0.42654000000000003,0.06536999999999993
Thermus,0.14437,0.42149000000000003,0.12203999999999993,0.422115,0.130235,0.424065,0.42654000000000003,0.0,0.42125
Yeast,0.43936,0.07099,0.42532000000000003,0.061795000000000044,0.44745,0.060389999999999944,0.06536999999999993,0.42125,0.0
