,B.subtilis,E.coli,Human,M.tb,Mouse,Rabbit,Rat,Thermus,Yeast
B.subtilis,0.0,0.05398276223444887,0.36653730152110275,0.08042281867554224,0.3646497031598065,0.3645464086005923,0.38352196208445466,0.062396835179280186,0.1944580788889464
E.coli,0.05398276223444887,0.0,0.34369417449291306,0.08476529231412777,0.33875836934936754,0.34138349077380803,0.36156829487387443,0.051178095238833765,0.16921803934575208
Human,0.36653730152110275,0.34369417449291306,0.0,0.363183777274257,0.0024315201973502676,0.0012635930126712047,0.004742606797994098,0.32473783597864203,0.2694469643410583
M.tb,0.08042281867554224,0.08476529231412777,0.363183777274257,0.0,0.35503093277494757,0.3622160129994644,0.374441759005137,0.08790779624228418,0.17009726820900306
Mouse,0.3646497031598065,0.33875836934936754,0.0024315201973502676,0.35503093277494757,0.0,0.0034701326252699616,0.005206432334695865,0.3244118948690434,0.2638982813427556
Rabbit,0.3645464086005923,0.34138349077380803,0.0012635930126712047,0.3622160129994644,0.0034701326252699616,0.0,0.006423687855586113,0.32368955783800724,0.2731423542862106
Rat,0.38352196208445466,0.36156829487387443,0.004742606797994098,0.374441759005137,0.005206432334695865,0.006423687855586113,0.0,0.3435207067515754,0.28587529693010105
Thermus,0.062396835179280186,0.051178095238833765,0.32473783597864203,0.08790779624228418,0.3244118948690434,0.32368955783800724,0.3435207067515754,0.0,0.17978897350161704
Yeast,0.1944580788889464,0.16921803934575208,0.2694469643410583,0.17009726820900306,0.2638982813427556,0.2731423542862106,0.28587529693010105,0.17978897350161704,0.0
