,B.subtilis,E.coli,Human,M.tb,Mouse,Rabbit,Rat,Thermus,Yeast
B.subtilis,0.0,0.12199500000000008,0.29546000000000006,0.10797000000000001,0.294675,0.29598499999999994,0.30462999999999996,0.09251500000000001,0.30708500000000005
E.coli,0.12199500000000008,0.0,0.30620500000000006,0.14010500000000004,0.30554499999999996,0.3062,0.31240999999999997,0.1464700000000001,0.32106
Human,0.29546000000000006,0.30620500000000006,0.0,0.29644500000000007,0.006240000000000023,0.0028000000000000247,0.02613500000000002,0.288265,0.049925
M.tb,0.10797000000000001,0.14010500000000004,0.29644500000000007,0.0,0.297095,0.29769999999999996,0.3013950000000001,0.10638999999999998,0.30600000000000005
Mouse,0.294675,0.30554499999999996,0.006240000000000023,0.297095,0.0,0.005619999999999958,0.01992499999999997,0.28913,0.054505000000000026
Rabbit,0.29598499999999994,0.3062,0.0028000000000000247,0.29769999999999996,0.005619999999999958,0.0,0.024780000000000024,0.28935500000000003,0.05129499999999998
Rat,0.30462999999999996,0.31240999999999997,0.02613500000000002,0.3013950000000001,0.01992499999999997,0.024780000000000024,0.0,0.297415,0.06749000000000005
Thermus,0.09251500000000001,0.1464700000000001,0.288265,0.10638999999999998,0.28913,0.28935500000000003,0.297415,0.0,0.299075
Yeast,0.30708500000000005,0.32106,0.049925,0.30600000000000005,0.054505000000000026,0.05129499999999998,0.06749000000000005,0.299075,0.0
