,B.subtilis,E.coli,Human,M.tb,Mouse,Rabbit,Rat,Thermus,Yeast
B.subtilis,0.0,0.07330000000000003,0.09999999999999998,0.039000000000000035,0.07689999999999997,0.10060000000000002,0.0827,0.03600000000000003,0.08289999999999997
E.coli,0.07330000000000003,0.0,0.09220000000000006,0.06110000000000004,0.09155000000000002,0.09219999999999995,0.09540000000000004,0.06820000000000004,0.10089999999999999
Human,0.09999999999999998,0.09220000000000006,0.0,0.13270000000000004,0.0,0.0,0.0043999999999999595,0.12919999999999998,0.019399999999999973
M.tb,0.039000000000000035,0.06110000000000004,0.13270000000000004,0.0,0.13360000000000005,0.13439999999999996,0.13319999999999999,0.0605,0.13460000000000005
Mouse,0.07689999999999997,0.09155000000000002,0.0,0.13360000000000005,0.0,0.0,0.0,0.1291,0.02290000000000003
Rabbit,0.10060000000000002,0.09219999999999995,0.0,0.13439999999999996,0.0,0.0,0.0034999999999999476,0.13039999999999996,0.02070000000000005
Rat,0.0827,0.09540000000000004,0.0043999999999999595,0.13319999999999999,0.0,0.0034999999999999476,0.0,0.13370000000000004,0.041000000000000036
Thermus,0.03600000000000003,0.06820000000000004,0.12919999999999998,0.0605,0.1291,0.13039999999999996,0.13370000000000004,0.0,0.13139999999999996
Yeast,0.08289999999999997,0.10089999999999999,0.019399999999999973,0.13460000000000005,0.02290000000000003,0.02070000000000005,0.041000000000000036,0.13139999999999996,0.0
