,B.subtilis,E.coli,Human,M.tb,Mouse,Rabbit,Rat,Thermus,Yeast
B.subtilis,0.0,0.01539364670926624,0.04977160022212168,0.014253864387658521,0.04977160022212168,0.04977160022212168,0.05341733550840322,0.012800766103271966,0.040723353757070146
E.coli,0.01539364670926624,0.0,0.060769009820947906,0.0173648108935911,0.060769009820947906,0.060769009820947906,0.06452092665927933,0.010429027499571197,0.05419776005756105
Human,0.04977160022212168,0.060769009820947906,0.0,0.046829487411386816,0.0,0.0,0.0004618808435534749,0.062216467648362084,0.01092732945444208
M.tb,0.014253864387658521,0.0173648108935911,0.046829487411386816,0.0,0.046829487411386816,0.046829487411386816,0.05104982366311861,0.011223493403387685,0.04244363837826437
Mouse,0.04977160022212168,0.060769009820947906,0.0,0.046829487411386816,0.0,0.0,0.0004618808435534749,0.062216467648362084,0.01092732945444208
Rabbit,0.04977160022212168,0.060769009820947906,0.0,0.046829487411386816,0.0,0.0,0.0004618808435534749,0.062216467648362084,0.01092732945444208
Rat,0.05341733550840322,0.06452092665927933,0.0004618808435534749,0.05104982366311861,0.0004618808435534749,0.0004618808435534749,0.0,0.0666239421065592,0.012454233801168835
Thermus,0.012800766103271966,0.010429027499571197,0.062216467648362084,0.011223493403387685,0.062216467648362084,0.062216467648362084,0.0666239421065592,0.0,0.05141912317672215
Yeast,0.040723353757070146,0.05419776005756105,0.01092732945444208,0.04244363837826437,0.01092732945444208,0.01092732945444208,0.012454233801168835,0.05141912317672215,0.0
