,B.subtilis,E.coli,Human,M.tb,Mouse,Rabbit,Rat,Thermus,Yeast
B.subtilis,0.0,1.2924193143844604,2.2672677040100098,1.215345025062561,2.2672677040100098,2.2672677040100098,2.351595163345337,1.1422576904296875,2.164686918258667
E.coli,1.2924193143844604,0.0,2.486023426055908,1.2659204006195068,2.486023426055908,2.486023426055908,2.5632164478302,1.0112158060073853,2.538736581802368
Human,2.2672677040100098,2.486023426055908,0.0,2.1886181831359863,0.0,0.0,0.2204747349023819,2.514751672744751,1.1685423851013184
M.tb,1.215345025062561,1.2659204006195068,2.1886181831359863,0.0,2.1886181831359863,2.1886181831359863,2.286433696746826,1.0331476926803589,2.2531604766845703
Mouse,2.2672677040100098,2.486023426055908,0.0,2.1886181831359863,0.0,0.0,0.2204747349023819,2.514751672744751,1.1685423851013184
Rabbit,2.2672677040100098,2.486023426055908,0.0,2.1886181831359863,0.0,0.0,0.2204747349023819,2.514751672744751,1.1685423851013184
Rat,2.351595163345337,2.5632164478302,0.2204747349023819,2.286433696746826,0.2204747349023819,0.2204747349023819,0.0,2.6051266193389893,1.2352238893508911
Thermus,1.1422576904296875,1.0112158060073853,2.514751672744751,1.0331476926803589,2.514751672744751,2.514751672744751,2.6051266193389893,0.0,2.437406539916992
Yeast,2.164686918258667,2.538736581802368,1.1685423851013184,2.2531604766845703,1.1685423851013184,1.1685423851013184,1.2352238893508911,2.437406539916992,0.0
