,B.subtilis,E.coli,Human,M.tb,Mouse,Rabbit,Rat,Thermus,Yeast
B.subtilis,0.0,0.7522159814834595,2.4716596603393555,0.9088961482048035,2.4479739665985107,2.477397918701172,2.5319101810455322,0.8251182436943054,1.4996676445007324
E.coli,0.7522159814834595,0.0,2.398196220397949,0.9087334871292114,2.364973783493042,2.403195381164551,2.4614980220794678,0.7437254190444946,1.3908640146255493
Human,2.4716596603393555,2.398196220397949,0.0,2.4452507495880127,0.22172152996063232,0.16067558526992798,0.30984246730804443,2.347964286804199,2.170452833175659
M.tb,0.9088961482048035,0.9087334871292114,2.4452507495880127,0.0,2.4033384323120117,2.4553236961364746,2.486853837966919,0.9668930172920227,1.3801145553588867
Mouse,2.4479739665985107,2.364973783493042,0.22172152996063232,2.4033384323120117,0.0,0.26720815896987915,0.3255428075790405,2.329296350479126,2.1338977813720703
Rabbit,2.477397918701172,2.403195381164551,0.16067558526992798,2.4553236961364746,0.26720815896987915,0.0,0.36113646626472473,2.3559951782226562,2.1943821907043457
Rat,2.5319101810455322,2.4614980220794678,0.30984246730804443,2.486853837966919,0.3255428075790405,0.36113646626472473,0.0,2.417069911956787,2.2384769916534424
Thermus,0.8251182436943054,0.7437254190444946,2.347964286804199,0.9668930172920227,2.329296350479126,2.3559951782226562,2.417069911956787,0.0,1.4516574144363403
Yeast,1.4996676445007324,1.3908640146255493,2.170452833175659,1.3801145553588867,2.1338977813720703,2.1943821907043457,2.2384769916534424,1.4516574144363403,0.0
