,B.subtilis,E.coli,Human,M.tb,Mouse,Rabbit,Rat,Thermus,Yeast
B.subtilis,0.0,0.54,0.7176470588235294,0.375,0.7176470588235294,0.7176470588235294,0.7294117647058824,0.47058823529411764,0.782051282051282
E.coli,0.54,0.0,0.7176470588235294,0.5517241379310345,0.7176470588235294,0.7176470588235294,0.7176470588235294,0.5742574257425743,0.717948717948718
Human,0.7176470588235294,0.7176470588235294,0.0,0.6781609195402298,0.0,0.0,0.007462686567164201,0.6444444444444444,0.45967741935483875
M.tb,0.375,0.5517241379310345,0.6781609195402298,0.0,0.6781609195402298,0.6781609195402298,0.6896551724137931,0.5168539325842696,0.7468354430379747
Mouse,0.7176470588235294,0.7176470588235294,0.0,0.6781609195402298,0.0,0.0,0.007462686567164201,0.6444444444444444,0.45967741935483875
Rabbit,0.7176470588235294,0.7176470588235294,0.0,0.6781609195402298,0.0,0.0,0.007462686567164201,0.6444444444444444,0.45967741935483875
Rat,0.7294117647058824,0.7176470588235294,0.007462686567164201,0.6896551724137931,0.007462686567164201,0.007462686567164201,0.0,0.6555555555555556,0.467741935483871
Thermus,0.47058823529411764,0.5742574257425743,0.6444444444444444,0.5168539325842696,0.6444444444444444,0.6444444444444444,0.6555555555555556,0.0,0.7108433734939759
Yeast,0.782051282051282,0.717948717948718,0.45967741935483875,0.7468354430379747,0.45967741935483875,0.45967741935483875,0.467741935483871,0.7108433734939759,0.0
