,B.subtilis,E.coli,Human,M.tb,Mouse,Rabbit,Rat,Thermus,Yeast
B.subtilis,0.0,0.04658666171975945,0.3123598977715306,0.14597681371132587,0.3218802505811672,0.31322475940202976,0.30863653126416524,0.11196537574942378,0.13929495026106276
E.coli,0.04658666171975945,0.0,0.34463487301592677,0.13669512731905975,0.3530496295293062,0.3481809016971893,0.3368094562573559,0.12889795408155968,0.16387347246393313
Human,0.3123598977715306,0.34463487301592677,0.0,0.37829109828431495,0.0019026731299160993,0.0010573602344483568,0.003631137879802737,0.38445572812198936,0.24716945482054176
M.tb,0.14597681371132587,0.13669512731905975,0.37829109828431495,0.0,0.3848325868003051,0.3801543791238876,0.35949758915263574,0.15840072346427347,0.20192081564257602
Mouse,0.3218802505811672,0.3530496295293062,0.0019026731299160993,0.3848325868003051,0.0,0.0016381368644097227,0.003283297962856202,0.38786993061593855,0.2529667912428931
Rabbit,0.31322475940202976,0.3481809016971893,0.0010573602344483568,0.3801543791238876,0.0016381368644097227,0.0,0.0038516523497310606,0.38278019125689766,0.24598214688540265
Rat,0.30863653126416524,0.3368094562573559,0.003631137879802737,0.35949758915263574,0.003283297962856202,0.0038516523497310606,0.0,0.37452694941290765,0.23227272938527854
Thermus,0.11196537574942378,0.12889795408155968,0.38445572812198936,0.15840072346427347,0.38786993061593855,0.38278019125689766,0.37452694941290765,0.0,0.20519741935051872
Yeast,0.13929495026106276,0.16387347246393313,0.24716945482054176,0.20192081564257602,0.2529667912428931,0.24598214688540265,0.23227272938527854,0.20519741935051872,0.0
