,B.subtilis,E.coli,Human,M.tb,Mouse,Rabbit,Rat,Thermus,Yeast
B.subtilis,0.0,1.0450115203857422,6.39586877822876,1.7962979078292847,6.39586877822876,6.39586877822876,6.251970291137695,1.9942736625671387,2.133875846862793
E.coli,1.0450115203857422,0.0,6.667717933654785,1.804865837097168,6.667717933654785,6.667717933654785,6.525082111358643,1.888116717338562,2.2680070400238037
Human,6.39586877822876,6.667717933654785,0.0,7.464855670928955,0.0,0.0,0.22141394019126892,7.458569049835205,6.050814628601074
M.tb,1.7962979078292847,1.804865837097168,7.464855670928955,0.0,7.464855670928955,7.464855670928955,7.308585166931152,1.6071088314056396,2.58804988861084
Mouse,6.39586877822876,6.667717933654785,0.0,7.464855670928955,0.0,0.0,0.22141394019126892,7.458569049835205,6.050814628601074
Rabbit,6.39586877822876,6.667717933654785,0.0,7.464855670928955,0.0,0.0,0.22141394019126892,7.458569049835205,6.050814628601074
Rat,6.251970291137695,6.525082111358643,0.22141394019126892,7.308585166931152,0.22141394019126892,0.22141394019126892,0.0,7.308396339416504,5.902721405029297
Thermus,1.9942736625671387,1.888116717338562,7.458569049835205,1.6071088314056396,7.458569049835205,7.458569049835205,7.308396339416504,0.0,2.779409408569336
Yeast,2.133875846862793,2.2680070400238037,6.050814628601074,2.58804988861084,6.050814628601074,6.050814628601074,5.902721405029297,2.779409408569336,0.0
