,B.subtilis,E.coli,Human,M.tb,Mouse,Rabbit,Rat,Thermus,Yeast
B.subtilis,0.0,0.011690454047435628,0.5252470497252948,0.026585632667200043,0.5252470497252948,0.5252470497252948,0.5020300585249152,0.034152236319298424,0.05062428095614946
E.coli,0.011690454047435628,0.0,0.5577932351046596,0.028091911597935337,0.5577932351046596,0.5577932351046596,0.5342633276359237,0.031173499331899945,0.05587100324955374
Human,0.5252470497252948,0.5577932351046596,0.0,0.6229411357290796,1.1102230246251565e-16,1.1102230246251565e-16,0.000773668295669272,0.6224133535451886,0.4713763916925533
M.tb,0.026585632667200043,0.028091911597935337,0.6229411357290796,0.0,0.6229411357290796,0.6229411357290796,0.596342948011759,0.02317202650657202,0.060988328528219005
Mouse,0.5252470497252948,0.5577932351046596,1.1102230246251565e-16,0.6229411357290796,0.0,1.1102230246251565e-16,0.000773668295669272,0.6224133535451886,0.4713763916925533
Rabbit,0.5252470497252948,0.5577932351046596,1.1102230246251565e-16,0.6229411357290796,1.1102230246251565e-16,0.0,0.000773668295669272,0.6224133535451886,0.4713763916925533
Rat,0.5020300585249152,0.5342633276359237,0.000773668295669272,0.596342948011759,0.000773668295669272,0.000773668295669272,0.0,0.5968854086715527,0.44858694558752643
Thermus,0.034152236319298424,0.031173499331899945,0.6224133535451886,0.02317202650657202,0.6224133535451886,0.6224133535451886,0.5968854086715527,0.0,0.0713831853933925
Yeast,0.05062428095614946,0.05587100324955374,0.4713763916925533,0.060988328528219005,0.4713763916925533,0.4713763916925533,0.44858694558752643,0.0713831853933925,0.0
