,B.subtilis,E.coli,Human,M.tb,Mouse,Rabbit,Rat,Thermus,Yeast
B.subtilis,0.0,0.057699999999999974,0.3722,0.06699999999999995,0.5818,0.5017,0.4889,0.050000000000000044,0.3893
E.coli,0.057699999999999974,0.0,0.3974,0.08530000000000004,0.48634999999999995,0.39890000000000003,0.4889,0.09799999999999998,0.3922
Human,0.3722,0.3974,0.0,0.3287,0.0,0.0,0.0040000000000000036,0.3637,0.021100000000000008
M.tb,0.06699999999999995,0.08530000000000004,0.3287,0.0,0.32920000000000005,0.3276,0.33630000000000004,0.052100000000000035,0.3591
Mouse,0.5818,0.48634999999999995,0.0,0.32920000000000005,0.0,0.0,9.999999999998899e-05,0.3648,0.021299999999999986
Rabbit,0.5017,0.39890000000000003,0.0,0.3276,0.0,0.0,0.0028000000000000247,0.3627,0.02200000000000002
Rat,0.4889,0.4889,0.0040000000000000036,0.33630000000000004,9.999999999998899e-05,0.0028000000000000247,0.0,0.36739999999999995,0.0242
Thermus,0.050000000000000044,0.09799999999999998,0.3637,0.052100000000000035,0.3648,0.3627,0.36739999999999995,0.0,0.388
Yeast,0.3893,0.3922,0.021100000000000008,0.3591,0.021299999999999986,0.02200000000000002,0.0242,0.388,0.0
