,B.subtilis,E.coli,Human,M.tb,Mouse,Rabbit,Rat,Thermus,Yeast
B.subtilis,0.0,0.7720625996589661,2.2901408672332764,1.3304333686828613,2.3340373039245605,2.290602207183838,2.2519659996032715,1.1763813495635986,1.3152669668197632
E.coli,0.7720625996589661,0.0,2.381685972213745,1.2486764192581177,2.4204351902008057,2.390369176864624,2.3295719623565674,1.2235281467437744,1.3929696083068848
Human,2.2901408672332764,2.381685972213745,0.0,2.4431591033935547,0.19269892573356628,0.14248621463775635,0.2658548951148987,2.475574493408203,2.04068660736084
M.tb,1.3304333686828613,1.2486764192581177,2.4431591033935547,0.0,2.4748334884643555,2.4453024864196777,2.3594112396240234,1.2747045755386353,1.4695583581924438
Mouse,2.3340373039245605,2.4204351902008057,0.19269892573356628,2.4748334884643555,0.0,0.17932762205600739,0.2578466832637787,2.498312473297119,2.073744058609009
Rabbit,2.290602207183838,2.390369176864624,0.14248621463775635,2.4453024864196777,0.17932762205600739,0.0,0.2727535665035248,2.467796802520752,2.0336215496063232
Rat,2.2519659996032715,2.3295719623565674,0.2658548951148987,2.3594112396240234,0.2578466832637787,0.2727535665035248,0.0,2.417375087738037,1.9583743810653687
Thermus,1.1763813495635986,1.2235281467437744,2.475574493408203,1.2747045755386353,2.498312473297119,2.467796802520752,2.417375087738037,0.0,1.507098913192749
Yeast,1.3152669668197632,1.3929696083068848,2.04068660736084,1.4695583581924438,2.073744058609009,2.0336215496063232,1.9583743810653687,1.507098913192749,0.0
