,B.subtilis,E.coli,Human,M.tb,Mouse,Rabbit,Rat,Thermus,Yeast
B.subtilis,0.0,0.09538999999999997,0.506165,0.14691999999999994,0.507015,0.505505,0.5132099999999999,0.09985500000000003,0.49728000000000006
E.coli,0.09538999999999997,0.0,0.5025000000000001,0.16738000000000008,0.50474,0.5023150000000001,0.5085149999999999,0.15247999999999995,0.48890999999999996
Human,0.506165,0.5025000000000001,0.0,0.48762000000000005,0.003310000000000035,0.0019299999999999873,0.015660000000000007,0.48040499999999997,0.08747499999999997
M.tb,0.14691999999999994,0.16738000000000008,0.48762000000000005,0.0,0.48801000000000005,0.486495,0.49288,0.15132499999999993,0.475345
Mouse,0.507015,0.50474,0.003310000000000035,0.48801000000000005,0.0,0.003129999999999966,0.010480000000000045,0.48161,0.0877349999999999
Rabbit,0.505505,0.5023150000000001,0.0019299999999999873,0.486495,0.003129999999999966,0.0,0.014009999999999967,0.47936,0.08850500000000006
Rat,0.5132099999999999,0.5085149999999999,0.015660000000000007,0.49288,0.010480000000000045,0.014009999999999967,0.0,0.48519,0.09128000000000003
Thermus,0.09985500000000003,0.15247999999999995,0.48040499999999997,0.15132499999999993,0.48161,0.47936,0.48519,0.0,0.467075
Yeast,0.49728000000000006,0.48890999999999996,0.08747499999999997,0.475345,0.0877349999999999,0.08850500000000006,0.09128000000000003,0.467075,0.0
