,B.subtilis,Drosophila,E.coli,Human,M.tb,Mouse,Rabbit,Rat,Thermus,Yeast
B.subtilis,0.0,0.18274999999999997,0.010099999999999998,0.18110000000000004,0.008499999999999952,0.17900000000000005,0.17830000000000001,0.17959999999999998,0.007000000000000006,0.18289999999999995
Drosophila,0.18274999999999997,0.0,0.18110000000000004,0.005700000000000038,0.18079999999999996,0.00880000000000003,0.008700000000000041,0.01539999999999997,0.1824,0.00649999999999995
E.coli,0.010099999999999998,0.18110000000000004,0.0,0.17900000000000005,0.01770000000000005,0.17710000000000004,0.17410000000000003,0.17800000000000005,0.012199999999999989,0.18279999999999996
Human,0.18110000000000004,0.005700000000000038,0.17900000000000005,0.0,0.18020000000000003,0.00039999999999995595,0.0,0.0039000000000000146,0.18269999999999997,0.0048000000000000265
M.tb,0.008499999999999952,0.18079999999999996,0.01770000000000005,0.18020000000000003,0.0,0.17779999999999996,0.17620000000000002,0.17700000000000005,0.007299999999999973,0.18310000000000004
Mouse,0.17900000000000005,0.00880000000000003,0.17710000000000004,0.00039999999999995595,0.17779999999999996,0.0,0.0,0.0009000000000000119,0.18179999999999996,0.006700000000000039
Rabbit,0.17830000000000001,0.008700000000000041,0.17410000000000003,0.0,0.17620000000000002,0.0,0.0,0.0031999999999999806,0.17469999999999997,0.007499999999999951
Rat,0.17959999999999998,0.01539999999999997,0.17800000000000005,0.0039000000000000146,0.17700000000000005,0.0009000000000000119,0.0031999999999999806,0.0,0.18479999999999996,0.012299999999999978
Thermus,0.007000000000000006,0.1824,0.012199999999999989,0.18269999999999997,0.007299999999999973,0.18179999999999996,0.17469999999999997,0.18479999999999996,0.0,0.18400000000000005
Yeast,0.18289999999999995,0.00649999999999995,0.18279999999999996,0.0048000000000000265,0.18310000000000004,0.006700000000000039,0.007499999999999951,0.012299999999999978,0.18400000000000005,0.0
