,B.subtilis,Drosophila,E.coli,Human,M.tb,Mouse,Rabbit,Rat,Thermus,Yeast
B.subtilis,0.0,0.16490000000000005,0.03539999999999999,0.16269999999999996,0.02290000000000003,0.16710000000000003,0.16390000000000005,0.17190000000000005,0.033499999999999974,0.16769999999999996
Drosophila,0.16490000000000005,0.0,0.17179999999999995,0.010199999999999987,0.17120000000000002,0.011600000000000055,0.010600000000000054,0.014900000000000024,0.17090000000000005,0.008499999999999952
E.coli,0.03539999999999999,0.17179999999999995,0.0,0.16890000000000005,0.03080000000000005,0.1714,0.17059999999999997,0.1755,0.02849999999999997,0.1753
Human,0.16269999999999996,0.010199999999999987,0.16890000000000005,0.0,0.16990000000000005,0.0006000000000000449,0.0,0.005900000000000016,0.16795000000000004,0.005099999999999993
M.tb,0.02290000000000003,0.17120000000000002,0.03080000000000005,0.16990000000000005,0.0,0.1713,0.1704,0.17830000000000001,0.018900000000000028,0.17620000000000002
Mouse,0.16710000000000003,0.011600000000000055,0.1714,0.0006000000000000449,0.1713,0.0,0.0,0.0027000000000000357,0.17220000000000002,0.007199999999999984
Rabbit,0.16390000000000005,0.010600000000000054,0.17059999999999997,0.0,0.1704,0.0,0.0,0.0042999999999999705,0.17020000000000002,0.00539999999999996
Rat,0.17190000000000005,0.014900000000000024,0.1755,0.005900000000000016,0.17830000000000001,0.0027000000000000357,0.0042999999999999705,0.0,0.17805000000000004,0.010299999999999976
Thermus,0.033499999999999974,0.17090000000000005,0.02849999999999997,0.16795000000000004,0.018900000000000028,0.17220000000000002,0.17020000000000002,0.17805000000000004,0.0,0.1744
Yeast,0.16769999999999996,0.008499999999999952,0.1753,0.005099999999999993,0.17620000000000002,0.007199999999999984,0.00539999999999996,0.010299999999999976,0.1744,0.0
