,B.subtilis,Drosophila,E.coli,Human,M.tb,Mouse,Rabbit,Rat,Thermus,Yeast
B.subtilis,0.0,0.12009999999999998,0.033399999999999985,0.11439999999999995,0.05400000000000005,0.11399999999999999,0.11529999999999996,0.11639999999999995,0.0665,0.11929999999999996
Drosophila,0.12009999999999998,0.0,0.1279,0.025499999999999967,0.16080000000000005,0.02849999999999997,0.02629999999999999,0.035599999999999965,0.14980000000000004,0.03169999999999995
E.coli,0.033399999999999985,0.1279,0.0,0.12819999999999998,0.08330000000000004,0.12839999999999996,0.12854999999999994,0.12965000000000004,0.0807,0.12980000000000003
Human,0.11439999999999995,0.025499999999999967,0.12819999999999998,0.0,0.1523,0.0010000000000000009,0.0,0.0121,0.14670000000000005,0.030349999999999988
M.tb,0.05400000000000005,0.16080000000000005,0.08330000000000004,0.1523,0.0,0.1491,0.15239999999999998,0.14849999999999997,0.07789999999999997,0.1604
Mouse,0.11399999999999999,0.02849999999999997,0.12839999999999996,0.0010000000000000009,0.1491,0.0,0.0010000000000000009,0.005099999999999993,0.14639999999999997,0.031399999999999983
Rabbit,0.11529999999999996,0.02629999999999999,0.12854999999999994,0.0,0.15239999999999998,0.0010000000000000009,0.0,0.009399999999999964,0.1461,0.030100000000000016
Rat,0.11639999999999995,0.035599999999999965,0.12965000000000004,0.0121,0.14849999999999997,0.005099999999999993,0.009399999999999964,0.0,0.1462,0.03810000000000002
Thermus,0.0665,0.14980000000000004,0.0807,0.14670000000000005,0.07789999999999997,0.14639999999999997,0.1461,0.1462,0.0,0.1572
Yeast,0.11929999999999996,0.03169999999999995,0.12980000000000003,0.030349999999999988,0.1604,0.031399999999999983,0.030100000000000016,0.03810000000000002,0.1572,0.0
