,B.subtilis,Drosophila,E.coli,Human,M.tb,Mouse,Rabbit,Rat,Thermus,Yeast
B.subtilis,0.0,0.16569999999999996,0.009499999999999953,0.18189999999999995,0.020399999999999974,0.1976,0.18310000000000004,0.18100000000000005,0.02200000000000002,0.17069999999999996
Drosophila,0.16569999999999996,0.0,0.17020000000000002,0.01629999999999998,0.17210000000000003,0.026000000000000023,0.01639999999999997,0.021299999999999986,0.16735,0.016800000000000037
E.coli,0.009499999999999953,0.17020000000000002,0.0,0.17320000000000002,0.031399999999999983,0.18530000000000002,0.17359999999999998,0.17325000000000002,0.03259999999999996,0.17074999999999996
Human,0.18189999999999995,0.01629999999999998,0.17320000000000002,0.0,0.19430000000000003,0.0042999999999999705,0.0,0.02070000000000005,0.1694,0.01200000000000001
M.tb,0.020399999999999974,0.17210000000000003,0.031399999999999983,0.19430000000000003,0.0,0.19140000000000001,0.19589999999999996,0.1855,0.029000000000000026,0.18189999999999995
Mouse,0.1976,0.026000000000000023,0.18530000000000002,0.0042999999999999705,0.19140000000000001,0.0,0.0040000000000000036,0.015800000000000036,0.17979999999999996,0.013499999999999956
Rabbit,0.18310000000000004,0.01639999999999997,0.17359999999999998,0.0,0.19589999999999996,0.0040000000000000036,0.0,0.01959999999999995,0.17120000000000002,0.011299999999999977
Rat,0.18100000000000005,0.021299999999999986,0.17325000000000002,0.02070000000000005,0.1855,0.015800000000000036,0.01959999999999995,0.0,0.16869999999999996,0.020499999999999963
Thermus,0.02200000000000002,0.16735,0.03259999999999996,0.1694,0.029000000000000026,0.17979999999999996,0.17120000000000002,0.16869999999999996,0.0,0.17820000000000003
Yeast,0.17069999999999996,0.016800000000000037,0.17074999999999996,0.01200000000000001,0.18189999999999995,0.013499999999999956,0.011299999999999977,0.020499999999999963,0.17820000000000003,0.0
