,Drosophila,E.coli,Human,Mouse,Rabbit,Rat,Thermus,Yeast
Drosophila,0.0,0.7218934911242604,0.2798165137614679,0.2654028436018957,0.2764976958525346,0.2654028436018957,0.718232044198895,0.3910891089108911
E.coli,0.7218934911242604,0.0,0.7514792899408285,0.7514792899408285,0.7514792899408285,0.7514792899408285,0.5504587155963303,0.7278106508875739
Human,0.2798165137614679,0.7514792899408285,0.0,0.0,0.0,0.004672897196261627,0.718232044198895,0.3951219512195122
Mouse,0.2654028436018957,0.7514792899408285,0.0,0.0,0.0,0.004672897196261627,0.718232044198895,0.3951219512195122
Rabbit,0.2764976958525346,0.7514792899408285,0.0,0.0,0.0,0.004672897196261627,0.718232044198895,0.3951219512195122
Rat,0.2654028436018957,0.7514792899408285,0.004672897196261627,0.004672897196261627,0.004672897196261627,0.0,0.718232044198895,0.3951219512195122
Thermus,0.718232044198895,0.5504587155963303,0.718232044198895,0.718232044198895,0.718232044198895,0.718232044198895,0.0,0.7032967032967032
Yeast,0.3910891089108911,0.7278106508875739,0.3951219512195122,0.3951219512195122,0.3951219512195122,0.3951219512195122,0.7032967032967032,0.0
