,Drosophila,E.coli,Human,Mouse,Rabbit,Rat,Thermus,Yeast
Drosophila,0.0,2.523163318634033,0.6442926526069641,0.6796146631240845,0.6607028245925903,0.6776870489120483,2.033925771713257,0.7692856192588806
E.coli,2.523163318634033,0.0,2.4914164543151855,2.423342227935791,2.4634180068969727,2.4318439960479736,1.4878532886505127,2.5334548950195312
Human,0.6442926526069641,2.4914164543151855,0.0,0.2873419523239136,0.08902838081121445,0.30722329020500183,1.9656139612197876,0.713844895362854
Mouse,0.6796146631240845,2.423342227935791,0.2873419523239136,0.0,0.27288198471069336,0.07131759822368622,1.8580137491226196,0.6184461116790771
Rabbit,0.6607028245925903,2.4634180068969727,0.08902838081121445,0.27288198471069336,0.0,0.2980583608150482,1.9497876167297363,0.7175374031066895
Rat,0.6776870489120483,2.4318439960479736,0.30722329020500183,0.07131759822368622,0.2980583608150482,0.0,1.8544867038726807,0.6324951648712158
Thermus,2.033925771713257,1.4878532886505127,1.9656139612197876,1.8580137491226196,1.9497876167297363,1.8544867038726807,0.0,1.979220986366272
Yeast,0.7692856192588806,2.5334548950195312,0.713844895362854,0.6184461116790771,0.7175374031066895,0.6324951648712158,1.979220986366272,0.0
