,Drosophila,E.coli,Human,Mouse,Rabbit,Rat,Thermus,Yeast
Drosophila,0.0,1.1777031421661377,2.1677370071411133,2.03411602973938,2.1432266235351562,1.770455241203308,1.1700533628463745,0.7659255266189575
E.coli,1.1777031421661377,0.0,2.5749473571777344,2.442622184753418,2.561511516571045,2.183326005935669,0.9538788199424744,1.211018443107605
Human,2.1677370071411133,2.5749473571777344,0.0,0.28524425625801086,0.12423662096261978,0.5826540589332581,2.3589932918548584,2.227538824081421
Mouse,2.03411602973938,2.442622184753418,0.28524425625801086,0.0,0.2985086441040039,0.4199640154838562,2.257786273956299,2.1164042949676514
Rabbit,2.1432266235351562,2.561511516571045,0.12423662096261978,0.2985086441040039,0.0,0.5718169212341309,2.3427319526672363,2.201535701751709
Rat,1.770455241203308,2.183326005935669,0.5826540589332581,0.4199640154838562,0.5718169212341309,0.0,2.0494284629821777,1.8948582410812378
Thermus,1.1700533628463745,0.9538788199424744,2.3589932918548584,2.257786273956299,2.3427319526672363,2.0494284629821777,0.0,1.0710384845733643
Yeast,0.7659255266189575,1.211018443107605,2.227538824081421,2.1164042949676514,2.201535701751709,1.8948582410812378,1.0710384845733643,0.0
