,Drosophila,E.coli,Human,Mouse,Rabbit,Rat,Thermus,Yeast
Drosophila,0.0,0.16665786717202036,0.2861340491208636,0.26563049134099304,0.28028678105178506,0.22114592583543247,0.1661861989889193,0.07025723669013917
E.coli,0.16665786717202036,0.0,0.4407235712922427,0.41682672211903693,0.4381822702700694,0.3642545056064521,0.11669800937765074,0.19041214967110998
Human,0.2861340491208636,0.4407235712922427,0.0,0.0038764562639508338,0.0008057900625521031,0.015207011325601871,0.3539069293419962,0.30321466870780955
Mouse,0.26563049134099304,0.41682672211903693,0.0038764562639508338,0.0,0.00440603261246475,0.008647235450271351,0.34385335794736904,0.2903037657568214
Rabbit,0.28028678105178506,0.4381822702700694,0.0008057900625521031,0.00440603261246475,0.0,0.014830543768053261,0.35046631839040077,0.2963462156383079
Rat,0.22114592583543247,0.3642545056064521,0.015207011325601871,0.008647235450271351,0.014830543768053261,0.0,0.31387261852485226,0.25794686798806554
Thermus,0.1661861989889193,0.11669800937765074,0.3539069293419962,0.34385335794736904,0.35046631839040077,0.31387261852485226,0.0,0.15140014685734793
Yeast,0.07025723669013917,0.19041214967110998,0.30321466870780955,0.2903037657568214,0.2963462156383079,0.25794686798806554,0.15140014685734793,0.0
