,Drosophila,E.coli,Human,Mouse,Rabbit,Rat,Thermus,Yeast
Drosophila,0.0,0.1622,0.05600000000000005,0.04400000000000004,0.05120000000000002,0.03259999999999996,0.18889999999999996,0.038900000000000046
E.coli,0.1622,0.0,0.15190000000000003,0.16600000000000004,0.15369999999999995,0.15839999999999999,0.055499999999999994,0.15685000000000004
Human,0.05600000000000005,0.15190000000000003,0.0,0.011800000000000033,0.0,0.010800000000000032,0.17569999999999997,0.02180000000000004
Mouse,0.04400000000000004,0.16600000000000004,0.011800000000000033,0.0,0.010600000000000054,0.01629999999999998,0.18830000000000002,0.03649999999999998
Rabbit,0.05120000000000002,0.15369999999999995,0.0,0.010600000000000054,0.0,0.009399999999999964,0.1774,0.022199999999999998
Rat,0.03259999999999996,0.15839999999999999,0.010800000000000032,0.01629999999999998,0.009399999999999964,0.0,0.17969999999999997,0.031100000000000017
Thermus,0.18889999999999996,0.055499999999999994,0.17569999999999997,0.18830000000000002,0.1774,0.17969999999999997,0.0,0.18500000000000005
Yeast,0.038900000000000046,0.15685000000000004,0.02180000000000004,0.03649999999999998,0.022199999999999998,0.031100000000000017,0.18500000000000005,0.0
