,Drosophila,E.coli,Human,Mouse,Rabbit,Rat,Thermus,Yeast
Drosophila,0.0,0.32297,0.07766499999999998,0.08020000000000005,0.07413000000000003,0.06736000000000009,0.29999,0.09125000000000005
E.coli,0.32297,0.0,0.3184,0.320735,0.31854499999999997,0.31427000000000005,0.09882499999999994,0.30091
Human,0.07766499999999998,0.3184,0.0,0.03726499999999999,0.005160000000000053,0.036575000000000024,0.29151499999999997,0.06897500000000001
Mouse,0.08020000000000005,0.320735,0.03726499999999999,0.0,0.03373999999999999,0.02678999999999998,0.2930250000000001,0.06693499999999997
Rabbit,0.07413000000000003,0.31854499999999997,0.005160000000000053,0.03373999999999999,0.0,0.03273499999999996,0.29164999999999996,0.06755
Rat,0.06736000000000009,0.31427000000000005,0.036575000000000024,0.02678999999999998,0.03273499999999996,0.0,0.285235,0.05995499999999998
Thermus,0.29999,0.09882499999999994,0.29151499999999997,0.2930250000000001,0.29164999999999996,0.285235,0.0,0.273745
Yeast,0.09125000000000005,0.30091,0.06897500000000001,0.06693499999999997,0.06755,0.05995499999999998,0.273745,0.0
