,Drosophila,E.coli,Human,Mouse,Rabbit,Rat,Thermus,Yeast
Drosophila,0.0,0.05569755731673154,0.0035804962635254123,0.003986806330757431,0.003769398196491358,0.003958165005593761,0.036046342322997194,0.0049674204574354786
E.coli,0.05569755731673154,0.0,0.053276371343611295,0.050069439824970474,0.05200642012650536,0.05035479721996006,0.022419573821605643,0.053567383893991516
Human,0.0035804962635254123,0.053276371343611295,0.0,0.0007111884330348595,6.820477590807617e-05,0.0008123763900066416,0.03293046058984872,0.00430110904022718
Mouse,0.003986806330757431,0.050069439824970474,0.0007111884330348595,0.0,0.0006416607207135883,4.3575560661812673e-05,0.029118811072875395,0.0032158013545486863
Rabbit,0.003769398196491358,0.05200642012650536,6.820477590807617e-05,0.0006416607207135883,0.0,0.0007646552268907314,0.03240023105318435,0.004343975886541562
Rat,0.003958165005593761,0.05035479721996006,0.0008123763900066416,4.3575560661812673e-05,0.0007646552268907314,0.0,0.028924579019088847,0.0033696771943518833
Thermus,0.036046342322997194,0.022419573821605643,0.03293046058984872,0.029118811072875395,0.03240023105318435,0.028924579019088847,0.0,0.032290337426007176
Yeast,0.0049674204574354786,0.053567383893991516,0.00430110904022718,0.0032158013545486863,0.004343975886541562,0.0033696771943518833,0.032290337426007176,0.0
