,Drosophila,E.coli,Human,M.tb,Mouse,Rabbit,Rat,Thermus,Yeast
Drosophila,0.0,0.529155,0.06903000000000004,0.520725,0.08148500000000003,0.06864000000000003,0.075905,0.52701,0.07603000000000004
E.coli,0.529155,0.0,0.5286500000000001,0.09560499999999994,0.53247,0.528815,0.52976,0.08008499999999996,0.5315799999999999
Human,0.06903000000000004,0.5286500000000001,0.0,0.523725,0.019589999999999996,0.0049799999999999844,0.029649999999999954,0.52922,0.029980000000000007
M.tb,0.520725,0.09560499999999994,0.523725,0.0,0.525795,0.52458,0.521285,0.08343500000000004,0.52713
Mouse,0.08148500000000003,0.53247,0.019589999999999996,0.525795,0.0,0.021700000000000053,0.030340000000000034,0.53318,0.04235
Rabbit,0.06864000000000003,0.528815,0.0049799999999999844,0.52458,0.021700000000000053,0.0,0.026639999999999997,0.52986,0.027750000000000052
Rat,0.075905,0.52976,0.029649999999999954,0.521285,0.030340000000000034,0.026639999999999997,0.0,0.53233,0.05184999999999995
Thermus,0.52701,0.08008499999999996,0.52922,0.08343500000000004,0.53318,0.52986,0.53233,0.0,0.53354
Yeast,0.07603000000000004,0.5315799999999999,0.029980000000000007,0.52713,0.04235,0.027750000000000052,0.05184999999999995,0.53354,0.0
