,Drosophila,E.coli,Human,M.tb,Mouse,Rabbit,Rat,Thermus,Yeast
Drosophila,0.0,0.05039735224690611,0.0009089830001335342,0.0320325356687865,0.0009089830001335342,0.0009089830001335342,0.0009089830001335342,0.03924040235241022,0.004528431972573577
E.coli,0.05039735224690611,0.0,0.05045427342537778,0.011809165740662708,0.05045427342537778,0.05045427342537778,0.05045427342537778,0.013249529644648206,0.04123846859830871
Human,0.0009089830001335342,0.05045427342537778,0.0,0.032149583928419156,2.220446049250313e-16,2.220446049250313e-16,2.220446049250313e-16,0.03809638809084237,0.004639585247361189
M.tb,0.0320325356687865,0.011809165740662708,0.032149583928419156,0.0,0.032149583928419156,0.032149583928419156,0.032149583928419156,0.011939749322795068,0.02510360007899859
Mouse,0.0009089830001335342,0.05045427342537778,2.220446049250313e-16,0.032149583928419156,0.0,2.220446049250313e-16,2.220446049250313e-16,0.03809638809084237,0.004639585247361189
Rabbit,0.0009089830001335342,0.05045427342537778,2.220446049250313e-16,0.032149583928419156,2.220446049250313e-16,0.0,2.220446049250313e-16,0.03809638809084237,0.004639585247361189
Rat,0.0009089830001335342,0.05045427342537778,2.220446049250313e-16,0.032149583928419156,2.220446049250313e-16,2.220446049250313e-16,0.0,0.03809638809084237,0.004639585247361189
Thermus,0.03924040235241022,0.013249529644648206,0.03809638809084237,0.011939749322795068,0.03809638809084237,0.03809638809084237,0.03809638809084237,0.0,0.034414276988526615
Yeast,0.004528431972573577,0.04123846859830871,0.004639585247361189,0.02510360007899859,0.004639585247361189,0.004639585247361189,0.004639585247361189,0.034414276988526615,0.0
