,Drosophila,E.coli,Human,M.tb,Mouse,Rabbit,Rat,Thermus,Yeast
Drosophila,0.0,0.18063455628675773,0.04402204319579561,0.22473657693228066,0.026579811098695227,0.04753751681244878,0.025524408089398043,0.19690595795765797,0.08183737372463351
E.coli,0.18063455628675773,0.0,0.17435122862033947,0.04628218511945126,0.17521627902322268,0.17652177291755888,0.16634338508160051,0.06487224781159673,0.11040126228173874
Human,0.04402204319579561,0.17435122862033947,0.0,0.21218230747610634,0.010388365768130736,0.002226124064276247,0.019199783871194587,0.17053488895735458,0.06396255553132202
M.tb,0.22473657693228066,0.04628218511945126,0.21218230747610634,0.0,0.2076055438594876,0.21280679484961307,0.19346772878338947,0.07212997424597556,0.13818270307693103
Mouse,0.026579811098695227,0.17521627902322268,0.010388365768130736,0.2076055438594876,0.0,0.012045442359662206,0.009109626973795248,0.17782455348502202,0.07120191967720768
Rabbit,0.04753751681244878,0.17652177291755888,0.002226124064276247,0.21280679484961307,0.012045442359662206,0.0,0.02061598900241257,0.1723498447134414,0.06401462578131523
Rat,0.025524408089398043,0.16634338508160051,0.019199783871194587,0.19346772878338947,0.009109626973795248,0.02061598900241257,0.0,0.17224848903289214,0.0685287094140169
Thermus,0.19690595795765797,0.06487224781159673,0.17053488895735458,0.07212997424597556,0.17782455348502202,0.1723498447134414,0.17224848903289214,0.0,0.14867253368107192
Yeast,0.08183737372463351,0.11040126228173874,0.06396255553132202,0.13818270307693103,0.07120191967720768,0.06401462578131523,0.0685287094140169,0.14867253368107192,0.0
