,Drosophila,E.coli,Human,M.tb,Mouse,Rabbit,Rat,Thermus,Yeast
Drosophila,0.0,0.12760000000000005,0.042300000000000004,0.14939999999999998,0.05279999999999996,0.04200000000000004,0.04810000000000003,0.13670000000000004,0.04849999999999999
E.coli,0.12760000000000005,0.0,0.11409999999999998,0.06369999999999998,0.12309999999999999,0.11429999999999996,0.11680000000000001,0.05589999999999995,0.12339999999999995
Human,0.042300000000000004,0.11409999999999998,0.0,0.12719999999999998,0.009600000000000053,0.0,0.01749999999999996,0.12990000000000002,0.013900000000000023
M.tb,0.14939999999999998,0.06369999999999998,0.12719999999999998,0.0,0.12280000000000002,0.137,0.13060000000000005,0.04820000000000002,0.14349999999999996
Mouse,0.05279999999999996,0.12309999999999999,0.009600000000000053,0.12280000000000002,0.0,0.011199999999999988,0.017900000000000027,0.1291,0.023800000000000043
Rabbit,0.04200000000000004,0.11429999999999996,0.0,0.137,0.011199999999999988,0.0,0.015100000000000002,0.11814999999999998,0.0121
Rat,0.04810000000000003,0.11680000000000001,0.01749999999999996,0.13060000000000005,0.017900000000000027,0.015100000000000002,0.0,0.11919999999999997,0.031200000000000006
Thermus,0.13670000000000004,0.05589999999999995,0.12990000000000002,0.04820000000000002,0.1291,0.11814999999999998,0.11919999999999997,0.0,0.1321
Yeast,0.04849999999999999,0.12339999999999995,0.013900000000000023,0.14349999999999996,0.023800000000000043,0.0121,0.031200000000000006,0.1321,0.0
