,Drosophila,E.coli,Human,M.tb,Mouse,Rabbit,Rat,Thermus,Yeast
Drosophila,0.0,2.637361526489258,0.34201711416244507,2.096163749694824,0.34201711416244507,0.34201711416244507,0.34201711416244507,2.307089328765869,0.7655236124992371
E.coli,2.637361526489258,0.0,2.6294734477996826,1.1349735260009766,2.6294734477996826,2.6294734477996826,2.6294734477996826,1.165490984916687,2.4595425128936768
Human,0.34201711416244507,2.6294734477996826,0.0,2.0915043354034424,0.0,0.0,0.0,2.2705771923065186,0.7748931050300598
M.tb,2.096163749694824,1.1349735260009766,2.0915043354034424,0.0,2.0915043354034424,2.0915043354034424,2.0915043354034424,1.1065900325775146,1.913554310798645
Mouse,0.34201711416244507,2.6294734477996826,0.0,2.0915043354034424,0.0,0.0,0.0,2.2705771923065186,0.7748931050300598
Rabbit,0.34201711416244507,2.6294734477996826,0.0,2.0915043354034424,0.0,0.0,0.0,2.2705771923065186,0.7748931050300598
Rat,0.34201711416244507,2.6294734477996826,0.0,2.0915043354034424,0.0,0.0,0.0,2.2705771923065186,0.7748931050300598
Thermus,2.307089328765869,1.165490984916687,2.2705771923065186,1.1065900325775146,2.2705771923065186,2.2705771923065186,2.2705771923065186,0.0,2.202059507369995
Yeast,0.7655236124992371,2.4595425128936768,0.7748931050300598,1.913554310798645,0.7748931050300598,0.7748931050300598,0.7748931050300598,2.202059507369995,0.0
