,Drosophila,E.coli,Human,M.tb,Mouse,Rabbit,Rat,Thermus,Yeast
Drosophila,0.0,1.4196135997772217,0.7607446312904358,1.5623730421066284,0.5790060758590698,0.7975900173187256,0.5548346638679504,1.483411192893982,0.9902597069740295
E.coli,1.4196135997772217,0.0,1.4625790119171143,0.6414936184883118,1.4301329851150513,1.4848617315292358,1.346495270729065,0.7762870192527771,1.1058589220046997
Human,0.7607446312904358,1.4625790119171143,0.0,1.5970115661621094,0.37457743287086487,0.17551542818546295,0.5177993178367615,1.4481441974639893,0.9122610092163086
M.tb,1.5623730421066284,0.6414936184883118,1.5970115661621094,0.0,1.5420191287994385,1.6146883964538574,1.4377131462097168,0.8102817535400391,1.2303335666656494
Mouse,0.5790060758590698,1.4301329851150513,0.37457743287086487,1.5420191287994385,0.0,0.40900918841362,0.34843170642852783,1.442035436630249,0.9396150708198547
Rabbit,0.7975900173187256,1.4848617315292358,0.17551542818546295,1.6146883964538574,0.40900918841362,0.0,0.5449457168579102,1.4687235355377197,0.9216874837875366
Rat,0.5548346638679504,1.346495270729065,0.5177993178367615,1.4377131462097168,0.34843170642852783,0.5449457168579102,0.0,1.373236894607544,0.898055911064148
Thermus,1.483411192893982,0.7762870192527771,1.4481441974639893,0.8102817535400391,1.442035436630249,1.4687235355377197,1.373236894607544,0.0,1.274916410446167
Yeast,0.9902597069740295,1.1058589220046997,0.9122610092163086,1.2303335666656494,0.9396150708198547,0.9216874837875366,0.898055911064148,1.274916410446167,0.0
