,Drosophila,E.coli,Human,M.tb,Mouse,Rabbit,Rat,Thermus,Yeast
Drosophila,0.0,0.7666666666666666,0.1067415730337079,0.727891156462585,0.1067415730337079,0.1067415730337079,0.1067415730337079,0.7077922077922079,0.30386740331491713
E.coli,0.7666666666666666,0.0,0.7727272727272727,0.5076142131979695,0.7727272727272727,0.7727272727272727,0.7727272727272727,0.4950980392156863,0.7922077922077921
Human,0.1067415730337079,0.7727272727272727,0.0,0.7350993377483444,0.0,0.0,0.0,0.7278481012658228,0.2928176795580111
M.tb,0.727891156462585,0.5076142131979695,0.7350993377483444,0.0,0.7350993377483444,0.7350993377483444,0.7350993377483444,0.5349999999999999,0.7218543046357616
Mouse,0.1067415730337079,0.7727272727272727,0.0,0.7350993377483444,0.0,0.0,0.0,0.7278481012658228,0.2928176795580111
Rabbit,0.1067415730337079,0.7727272727272727,0.0,0.7350993377483444,0.0,0.0,0.0,0.7278481012658228,0.2928176795580111
Rat,0.1067415730337079,0.7727272727272727,0.0,0.7350993377483444,0.0,0.0,0.0,0.7278481012658228,0.2928176795580111
Thermus,0.7077922077922079,0.4950980392156863,0.7278481012658228,0.5349999999999999,0.7278481012658228,0.7278481012658228,0.7278481012658228,0.0,0.7341772151898734
Yeast,0.30386740331491713,0.7922077922077921,0.2928176795580111,0.7218543046357616,0.2928176795580111,0.2928176795580111,0.2928176795580111,0.7341772151898734,0.0
